[
  {
    "Name": "John Doe",
    "Dietary_Preference": "Vegetarian",
    "Allergies": "Nuts",
    "Health_Goals": "Weight Loss",
    "Daily_Calories_Required": 2000,
    "Step_Count": 8500,
    "Role": "Developer"
  },
  {
    "Name": "Sarah Smith",
    "Dietary_Preference": "Non-Vegetarian",
    "Allergies": "None",
    "Health_Goals": "Muscle Gain",
    "Daily_Calories_Required": 2200,
    "Step_Count": 12000,
    "Role": "Designer"
  },
  {
    "Name": "Mike Johnson",
    "Dietary_Preference": "Vegetarian",
    "Allergies": "Lactose",
    "Health_Goals": "Energy Boost",
    "Daily_Calories_Required": 2400,
    "Step_Count": 6500,
    "Role": "Manager"
  },
  {
    "Name": "Lisa Wong",
    "Dietary_Preference": "Non-Vegetarian",
    "Allergies": "None",
    "Health_Goals": "Weight Loss",
    "Daily_Calories_Required": 1800,
    "Step_Count": 15000,
    "Role": "Developer"
  },
  {
    "Name": "David Kumar",
    "Dietary_Preference": "Vegetarian",
    "Allergies": "None",
    "Health_Goals": "Muscle Gain",
    "Daily_Calories_Required": 2600,
    "Step_Count": 9500,
    "Role": "Tester"
  }
]