[
  {
    "Dish Name": "Paneer Tikka",
    "Calories (kcal)": 250,
    "Protein (g)": 12,
    "Carbohydrates (g)": 10,
    "Fats (g)": 15,
    "Detailed_Category": "Paneer Dishes",
    "Broad_Category": "Main Dish"
  },
  {
    "Dish Name": "Dal Makhani",
    "Calories (kcal)": 180,
    "Protein (g)": 8,
    "Carbohydrates (g)": 20,
    "Fats (g)": 8,
    "Detailed_Category": "Dal / Lentils",
    "Broad_Category": "Main Dish"
  },
  {
    "Dish Name": "Chicken Biryani",
    "Calories (kcal)": 350,
    "Protein (g)": 20,
    "Carbohydrates (g)": 45,
    "Fats (g)": 12,
    "Detailed_Category": "Chicken Dishes",
    "Broad_Category": "Main Dish"
  },
  {
    "Dish Name": "Aloo Gobi",
    "Calories (kcal)": 120,
    "Protein (g)": 3,
    "Carbohydrates (g)": 18,
    "Fats (g)": 5,
    "Detailed_Category": "Vegetable Dishes",
    "Broad_Category": "Side Dish"
  },
  {
    "Dish Name": "Masala Chai",
    "Calories (kcal)": 80,
    "Protein (g)": 3,
    "Carbohydrates (g)": 12,
    "Fats (g)": 3,
    "Detailed_Category": "Beverages",
    "Broad_Category": "Drinks"
  },
  {
    "Dish Name": "Gulab Jamun",
    "Calories (kcal)": 150,
    "Protein (g)": 2,
    "Carbohydrates (g)": 20,
    "Fats (g)": 7,
    "Detailed_Category": "Desserts",
    "Broad_Category": "Dessert"
  },
  {
    "Dish Name": "Samosa",
    "Calories (kcal)": 200,
    "Protein (g)": 4,
    "Carbohydrates (g)": 25,
    "Fats (g)": 10,
    "Detailed_Category": "Appetizers / Snacks",
    "Broad_Category": "Side Dish"
  },
  {
    "Dish Name": "Naan",
    "Calories (kcal)": 280,
    "Protein (g)": 9,
    "Carbohydrates (g)": 45,
    "Fats (g)": 8,
    "Detailed_Category": "Breads",
    "Broad_Category": "Main Dish"
  },
  {
    "Dish Name": "Raita",
    "Calories (kcal)": 60,
    "Protein (g)": 3,
    "Carbohydrates (g)": 8,
    "Fats (g)": 2,
    "Detailed_Category": "Salads & Raitas",
    "Broad_Category": "Other Food Categories"
  },
  {
    "Dish Name": "Mango Lassi",
    "Calories (kcal)": 120,
    "Protein (g)": 5,
    "Carbohydrates (g)": 20,
    "Fats (g)": 3,
    "Detailed_Category": "Beverages",
    "Broad_Category": "Drinks"
  }
]